base_items,add_items,support,confidence,lift
50,6,0.0864,0.5524296675191815,2.7844237274152297
6,50,0.0864,0.43548387096774194,2.7844237274152297
107,6,0.063,0.5440414507772021,2.742144409159285
6,107,0.063,0.3175403225806452,2.742144409159285
3,1,0.0562,0.7533512064343163,6.03646800027497
1,3,0.0562,0.45032051282051283,6.03646800027497
27,6,0.0562,0.5281954887218046,2.6622756487994175
6,27,0.0562,0.28326612903225806,2.6622756487994175
6,1,0.0552,0.2782258064516129,2.2293734491315136
1,6,0.0552,0.4423076923076923,2.2293734491315136
2,1,0.0506,0.7228571428571429,5.792124542124542
1,2,0.0506,0.40544871794871795,5.792124542124542
96,50,0.0438,0.4630021141649049,2.9603715739444043
50,96,0.0438,0.28005115089514065,2.9603715739444043
96,6,0.0438,0.4630021141649049,2.3336800109118188
6,96,0.0438,0.22076612903225806,2.3336800109118188
3,2,0.0436,0.5844504021447721,8.34929145921103
2,3,0.0436,0.6228571428571429,8.34929145921103
107,27,0.0434,0.3747841105354059,3.5224070539041907
27,107,0.0434,0.40789473684210525,3.5224070539041907
8,6,0.0412,0.5770308123249299,2.908421433089365
6,8,0.0412,0.20766129032258066,2.908421433089365
"1, 2",3,0.0384,0.758893280632411,10.17283218005913
3,"1, 2",0.0384,0.514745308310992,10.17283218005913
"1, 3",2,0.0384,0.6832740213523132,9.761057447890188
2,"1, 3",0.0384,0.5485714285714286,9.761057447890188
"2, 3",1,0.0384,0.8807339449541285,7.057163020465772
1,"2, 3",0.0384,0.3076923076923077,7.057163020465772
50,1,0.0374,0.2391304347826087,1.916109253065775
1,50,0.0374,0.29967948717948717,1.916109253065775
182,168,0.0334,0.6398467432950191,7.581122550888852
168,182,0.0334,0.3957345971563981,7.581122550888852
50,27,0.033,0.21099744245524296,1.9830586696921333
27,50,0.033,0.3101503759398496,1.9830586696921333
40,27,0.0324,0.648,6.090225563909774
27,40,0.0324,0.30451127819548873,6.090225563909774
"6, 96",50,0.0316,0.7214611872146118,4.6129231919092835
50,"6, 96",0.0316,0.2020460358056266,4.6129231919092835
"6, 50",96,0.0316,0.36574074074074076,3.8661811917625872
96,"6, 50",0.0316,0.33403805496828753,3.8661811917625872
"50, 96",6,0.0316,0.7214611872146118,3.6363971129768746
50,8,0.0314,0.20076726342711,2.8118664345533606
8,50,0.0314,0.43977591036414565,2.8118664345533606
168,142,0.0302,0.3578199052132701,7.916369584364384
142,168,0.0302,0.668141592920354,7.916369584364384
123,6,0.0302,0.4402332361516035,2.2189175209254213
5,4,0.0294,0.6125,11.300738007380074
4,5,0.0294,0.5424354243542435,11.300738007380074
107,50,0.029,0.2504317789291883,1.601226207987137
10,50,0.0284,0.4329268292682927,2.7680743559353758
"6, 27",107,0.028,0.498220640569395,4.302423493690803
107,"6, 27",0.028,0.24179620034542315,4.302423493690803
"6, 107",27,0.028,0.4444444444444444,4.177109440267335
27,"6, 107",0.028,0.2631578947368421,4.177109440267335
"1, 50",6,0.028,0.7486631016042781,3.7735035363118854
"27, 107",6,0.028,0.6451612903225806,3.251821019771072
"1, 6",50,0.028,0.5072463768115942,3.24326327884651
"6, 50",1,0.028,0.32407407407407407,2.596747388414055
1,"6, 50",0.028,0.22435897435897437,2.596747388414055
10,6,0.028,0.4268292682926829,2.1513571990558615
117,6,0.028,0.4229607250755287,2.1318584933242377
148,6,0.0276,0.3511450381679389,1.7698842649593696
148,50,0.0272,0.3460559796437659,2.2126341409447945
168,141,0.0268,0.3175355450236967,6.106452788917244
141,168,0.0268,0.5153846153846153,6.106452788917244
102,96,0.0268,0.49814126394052044,5.265763889434677
96,102,0.0268,0.2832980972515856,5.265763889434677
17,6,0.0266,0.44039735099337746,2.2197447126682333
142,141,0.0262,0.5796460176991151,11.14703880190606
141,142,0.0262,0.5038461538461538,11.14703880190606
107,1,0.0248,0.2141623488773748,1.7160444621584516
168,6,0.0248,0.2938388625592417,1.481042654028436
118,117,0.0242,0.4859437751004016,7.340540409371625
117,118,0.0242,0.36555891238670696,7.340540409371625
117,107,0.0242,0.36555891238670696,3.1568127149111134
107,117,0.0242,0.20898100172711573,3.1568127149111134
27,17,0.0238,0.2236842105263158,3.7033809689787383
17,27,0.0238,0.39403973509933776,3.7033809689787383
17,50,0.0238,0.39403973509933776,2.5194356464152032
117,27,0.0226,0.3413897280966767,3.2085500760965857
27,117,0.0226,0.212406015037594,3.2085500760965857
"6, 50",8,0.022,0.25462962962962965,3.56624131133935
8,"6, 50",0.022,0.3081232492997199,3.56624131133935
"8, 50",6,0.022,0.7006369426751592,3.5314362029997945
"6, 8",50,0.022,0.5339805825242718,3.4141980979812776
5,1,0.0218,0.45416666666666666,3.639155982905983
13,12,0.0216,0.46153846153846156,12.01923076923077
12,13,0.0216,0.5625,12.01923076923077
136,134,0.0216,0.43373493975903615,10.57890096973259
134,136,0.0216,0.526829268292683,10.57890096973259
4,2,0.0214,0.3948339483394834,5.640484976278334
2,4,0.0214,0.3057142857142857,5.640484976278334
168,50,0.0214,0.25355450236966826,1.6211924703942981
74,50,0.0212,0.4344262295081967,2.7776613139910276
2,6,0.0206,0.29428571428571426,1.483294930875576
10,27,0.0202,0.3079268292682927,2.89404914725839
117,50,0.0202,0.30513595166163143,1.95099713338639
10,8,0.02,0.3048780487804878,4.270000683200109
8,10,0.02,0.2801120448179272,4.270000683200109
"27, 50",6,0.0196,0.593939393939394,2.9936461388074287
"6, 27",50,0.0196,0.3487544483985765,2.2298877774845045
"6, 50",27,0.0196,0.22685185185185186,2.1320662768031187
5,2,0.0194,0.4041666666666667,5.773809523809524
2,5,0.0194,0.27714285714285714,5.773809523809524
182,142,0.0192,0.367816091954023,8.137524158274845
142,182,0.0192,0.4247787610619469,8.137524158274845
"1, 107",6,0.0192,0.7741935483870968,3.902185223725286
"1, 6",107,0.0192,0.34782608695652173,3.0036795073965603
"6, 107",1,0.0192,0.3047619047619048,2.4420024420024418
102,50,0.0188,0.34944237918215615,2.234286311906369
4,1,0.0186,0.34317343173431736,2.749787113255748
8,27,0.0184,0.25770308123249297,2.4220214401550093
106,102,0.018,0.5357142857142857,9.957514604354753
102,106,0.018,0.3345724907063197,9.957514604354753
"6, 117",107,0.018,0.6428571428571429,5.551443375277572
"6, 107",117,0.018,0.2857142857142857,4.315925766076823
117,"6, 107",0.018,0.2719033232628399,4.315925766076823
"107, 117",6,0.018,0.743801652892562,3.7490002665955746
"50, 107",6,0.018,0.6206896551724138,3.1284760845383754
"6, 107",50,0.018,0.2857142857142857,1.8268176835951773
"6, 50",107,0.018,0.20833333333333334,1.7990788716177317
123,50,0.018,0.26239067055393583,1.677689709424142
"168, 182",142,0.0178,0.5329341317365269,11.79057813576387
142,"168, 182",0.0178,0.3938053097345133,11.79057813576387
"142, 168",182,0.0178,0.5894039735099338,11.291263860343559
182,"142, 168",0.0178,0.34099616858237547,11.291263860343559
"142, 182",168,0.0178,0.9270833333333334,10.984399684044233
168,"142, 182",0.0178,0.2109004739336493,10.984399684044233
49,50,0.0178,0.4238095238095238,2.709779563999513
15,14,0.0174,0.54375,14.014175257731956
14,15,0.0174,0.4484536082474227,14.014175257731956
182,141,0.0174,0.3333333333333333,6.41025641025641
141,182,0.0174,0.3346153846153846,6.41025641025641
"6, 168",50,0.0174,0.7016129032258065,4.486016005280092
"50, 168",6,0.0174,0.8130841121495327,4.098206210431112
"6, 50",168,0.0174,0.2013888888888889,2.3861242759347023
168,"6, 50",0.0174,0.20616113744075829,2.3861242759347023
"141, 168",142,0.0172,0.6417910447761194,14.198916919825649
142,"141, 168",0.0172,0.3805309734513274,14.198916919825649
"142, 168",141,0.0172,0.5695364238410596,10.952623535404992
141,"142, 168",0.0172,0.33076923076923076,10.952623535404992
14,13,0.0172,0.44329896907216493,9.472200193849678
13,14,0.0172,0.36752136752136755,9.472200193849678
"141, 142",168,0.0172,0.6564885496183206,7.77830035092797
168,"141, 142",0.0172,0.2037914691943128,7.77830035092797
"107, 117",27,0.017,0.7024793388429752,6.602249425215933
"27, 117",107,0.017,0.7522123893805309,6.495789200177297
"27, 107",117,0.017,0.391705069124424,5.916995001879516
117,"27, 107",0.017,0.256797583081571,5.916995001879516
5,3,0.0168,0.35,4.6916890080428955
3,5,0.0168,0.225201072386059,4.6916890080428955
17,10,0.0168,0.2781456953642384,4.240025843967049
10,17,0.0168,0.25609756097560976,4.240025843967049
74,96,0.0168,0.3442622950819672,3.6391363116487017
40,6,0.0168,0.336,1.693548387096774
40,50,0.0162,0.324,2.071611253196931
"6, 117",27,0.016,0.5714285714285714,5.370569280343717
"6, 27",117,0.016,0.2846975088967972,4.300566599649503
117,"6, 27",0.016,0.24169184290030213,4.300566599649503
"6, 148",50,0.016,0.5797101449275363,3.7065866043960116
"27, 117",6,0.016,0.7079646017699115,3.5683699685983443
"50, 148",6,0.016,0.5882352941176471,2.9648956356736242
92,50,0.016,0.37735849056603776,2.4127780726728756
148,"6, 50",0.016,0.2035623409669211,2.3560456130430687
"1, 5",3,0.0158,0.7247706422018348,9.715424158201541
3,"1, 5",0.0158,0.21179624664879357,9.715424158201541
"3, 5",1,0.0158,0.9404761904761905,7.535866910866912
"1, 3",5,0.0158,0.28113879003558717,5.8570581257414
5,"1, 3",0.0158,0.32916666666666666,5.8570581257414
123,96,0.0156,0.22740524781341107,2.4038609705434575
3,6,0.0156,0.20911528150134048,1.0540084753091759
"2, 4",5,0.0152,0.7102803738317757,14.797507788161994
5,"2, 4",0.0152,0.31666666666666665,14.797507788161994
"2, 5",4,0.0152,0.7835051546391752,14.455814661239396
4,"2, 5",0.0152,0.28044280442804426,14.455814661239396
"4, 5",2,0.0152,0.5170068027210885,7.385811467444121
2,"4, 5",0.0152,0.21714285714285714,7.385811467444121
123,26,0.0152,0.22157434402332363,7.240991634749138
26,123,0.0152,0.49673202614379086,7.240991634749138
"2, 6",1,0.0152,0.7378640776699029,5.912372417226786
"1, 6",2,0.0152,0.2753623188405797,3.9337474120082816
2,"1, 6",0.0152,0.21714285714285714,3.9337474120082816
4,3,0.0152,0.28044280442804426,3.759286922627939
3,4,0.0152,0.2037533512064343,3.759286922627939
8,96,0.0152,0.21288515406162464,2.250371607416751
"1, 2",6,0.0152,0.30039525691699603,1.5140889965574396
102,6,0.0152,0.2825278810408922,1.4240316584722388
40,17,0.0148,0.296,4.900662251655629
17,40,0.0148,0.24503311258278146,4.900662251655629
2,50,0.0148,0.21142857142857144,1.3518450858604312
"1, 5",2,0.0146,0.6697247706422018,9.567496723460026
2,"1, 5",0.0146,0.20857142857142857,9.567496723460026
"2, 5",1,0.0146,0.7525773195876289,6.030266983875231
"1, 2",5,0.0146,0.2885375494071146,6.011198945981555
5,"1, 2",0.0146,0.30416666666666664,6.011198945981555
"6, 10",50,0.0146,0.5214285714285715,3.3339422725611985
"10, 50",6,0.0146,0.5140845070422535,2.591151749204907
10,"6, 50",0.0146,0.2225609756097561,2.57593721770551
9,7,0.0144,0.4931506849315068,10.72066706372841
7,9,0.0144,0.3130434782608696,10.72066706372841
73,50,0.0144,0.3870967741935484,2.475043313257982
119,118,0.0142,0.3034188034188034,6.092747056602478
118,119,0.0142,0.285140562248996,6.092747056602478
"1, 27",6,0.0142,0.7473684210526316,3.7669779286926994
"1, 6",27,0.0142,0.2572463768115942,2.417729105372126
"6, 27",1,0.0142,0.2526690391459075,2.0245916598229767
92,89,0.014,0.330188679245283,13.991045730732333
89,92,0.014,0.5932203389830508,13.991045730732333
141,123,0.014,0.2692307692307692,3.924646781789639
123,141,0.014,0.20408163265306123,3.924646781789639
49,27,0.014,0.3333333333333333,3.132832080200501
121,119,0.0138,0.5702479338842975,12.18478491205764
119,121,0.0138,0.2948717948717949,12.18478491205764
"1, 96",50,0.0138,0.7931034482758621,5.070993914807302
"6, 123",96,0.0138,0.45695364238410596,4.830376769388012
"6, 96",123,0.0138,0.3150684931506849,4.592835177123687
123,"6, 96",0.0138,0.20116618075801748,4.592835177123687
"96, 123",6,0.0138,0.8846153846153846,4.458746898263027
"1, 50",96,0.0138,0.3689839572192513,3.9004646640512823
"50, 96",1,0.0138,0.3150684931506849,2.5245872848612576
17,96,0.0138,0.22847682119205298,2.415188384694006
26,9,0.0136,0.4444444444444444,15.220700152207002
9,26,0.0136,0.4657534246575342,15.220700152207002
110,108,0.0136,0.422360248447205,11.79777230299455
108,110,0.0136,0.37988826815642457,11.79777230299455
"6, 40",27,0.0136,0.8095238095238095,7.608306480486932
"6, 27",40,0.0136,0.24199288256227758,4.839857651245551
40,"6, 27",0.0136,0.272,4.839857651245551
108,107,0.0136,0.37988826815642457,3.280554992715238
"27, 40",6,0.0136,0.41975308641975306,2.1156909597769813
"3, 5",2,0.0134,0.7976190476190477,11.394557823129253
"2, 5",3,0.0134,0.6907216494845361,9.25900334429673
"2, 3",5,0.0134,0.3073394495412844,6.402905198776758
5,"2, 3",0.0134,0.2791666666666667,6.402905198776758
"6, 17",50,0.0134,0.5037593984962406,3.2209680210757075
"17, 50",6,0.0134,0.5630252100840336,2.8378286798590406
17,"6, 50",0.0134,0.22185430463576158,2.5677581555065
"27, 107","6, 117",0.0132,0.30414746543778803,10.862409479921
"6, 117","27, 107",0.0132,0.4714285714285714,10.862409479921
"107, 117","6, 27",0.0132,0.5454545454545454,9.705596894208993
"6, 27","107, 117",0.0132,0.23487544483985764,9.705596894208993
"27, 117","6, 107",0.0132,0.584070796460177,9.270965023177412
"6, 107","27, 117",0.0132,0.20952380952380953,9.270965023177412
"6, 27, 117",107,0.0132,0.825,7.124352331606218
"6, 27, 107",117,0.0132,0.4714285714285714,7.121277514026759
"6, 107, 117",27,0.0132,0.7333333333333333,6.892230576441103
"27, 107, 117",6,0.0132,0.7764705882352941,3.913662239089184
"1, 96",6,0.0132,0.7586206896551724,3.8236929922135703
92,96,0.0132,0.3113207547169811,3.2909170688898643
"1, 6",96,0.0132,0.2391304347826087,2.527805864509606
"6, 96",1,0.0132,0.3013698630136986,2.4148226203020724
74,6,0.0132,0.27049180327868855,1.3633659439450025
"3, 5","1, 2",0.013,0.7738095238095238,15.292678336156596
"1, 2","3, 5",0.013,0.25691699604743085,15.292678336156596
"1, 4",5,0.013,0.6989247311827957,14.560931899641576
5,"1, 4",0.013,0.2708333333333333,14.560931899641576
"2, 3","1, 5",0.013,0.2981651376146789,13.677299890581601
"1, 5","2, 3",0.013,0.5963302752293578,13.677299890581601
"1, 2, 5",3,0.013,0.8904109589041096,11.935803738660985
"2, 5","1, 3",0.013,0.6701030927835051,11.923542576218953
"1, 3","2, 5",0.013,0.2313167259786477,11.923542576218953
"1, 3, 5",2,0.013,0.8227848101265823,11.754068716094032
"1, 5",4,0.013,0.5963302752293578,11.002403602017672
4,"1, 5",0.013,0.23985239852398524,11.002403602017672
"1, 4",3,0.013,0.6989247311827957,9.368964224970451
"2, 3, 5",1,0.013,0.9701492537313433,7.77363184079602
"50, 102",96,0.013,0.6914893617021277,7.309612702982322
"1, 2, 3",5,0.013,0.3385416666666667,7.052951388888889
5,"1, 2, 3",0.013,0.2708333333333333,7.052951388888889
"3, 4",1,0.013,0.8552631578947368,6.853070175438596
"6, 168",96,0.013,0.5241935483870968,5.541158016776921
"50, 96",102,0.013,0.2968036529680365,5.516796523569452
102,"50, 96",0.013,0.241635687732342,5.516796523569452
"96, 168",6,0.013,0.9154929577464789,4.614379827351204
"1, 3",4,0.013,0.2313167259786477,4.267836272668776
4,"1, 3",0.013,0.23985239852398524,4.267836272668776
"4, 5",1,0.013,0.4421768707482993,3.543083900226757
"6, 96",168,0.013,0.2968036529680365,3.5166309593369256
106,107,0.013,0.3869047619047619,3.3411464758615015
"96, 102",50,0.013,0.48507462686567165,3.101500171775394
92,6,0.0128,0.3018867924528302,1.5216068167985393
"3, 4",5,0.0126,0.8289473684210527,17.269736842105264
5,"3, 4",0.0126,0.2625,17.269736842105264
"3, 5",4,0.0126,0.75,13.837638376383763
4,"3, 5",0.0126,0.23247232472324722,13.837638376383763
"1, 4",2,0.0126,0.6774193548387096,9.67741935483871
"4, 5",3,0.0126,0.42857142857142855,5.744925315970892
"1, 168",6,0.0126,0.9545454545454546,4.811217008797654
"2, 4",1,0.0126,0.5887850467289719,4.717828900071891
"1, 2",4,0.0126,0.2490118577075099,4.594314717850736
4,"1, 2",0.0126,0.23247232472324722,4.594314717850736
"6, 168",1,0.0126,0.5080645161290323,4.071029776674938
"1, 6",168,0.0126,0.22826086956521738,2.704512672573666
116,115,0.0124,0.4161073825503356,10.248950309121566
115,116,0.0124,0.3054187192118227,10.248950309121566
"141, 168",182,0.0124,0.4626865671641791,8.863727340309943
182,"141, 168",0.0124,0.23754789272030652,8.863727340309943
"141, 182",168,0.0124,0.7126436781609196,8.443645475840277
14,12,0.0124,0.31958762886597936,8.322594501718212
12,14,0.0124,0.3229166666666667,8.322594501718212
"168, 182",141,0.0124,0.3712574850299401,7.139567019806541
141,"168, 182",0.0124,0.23846153846153847,7.139567019806541
"6, 102",50,0.0124,0.8157894736842105,5.216045228159914
"50, 102",6,0.0124,0.6595744680851063,3.324468085106383
102,"6, 50",0.0124,0.23048327137546468,2.6676304557345447
125,124,0.0122,0.4420289855072464,9.779402334231115
124,125,0.0122,0.26991150442477874,9.779402334231115
124,119,0.0122,0.26991150442477874,5.767339838136298
119,124,0.0122,0.2606837606837607,5.767339838136298
"50, 123",6,0.0122,0.6777777777777778,3.4162186379928317
"6, 123",50,0.0122,0.40397350993377484,2.5829508307786115
"3, 5","1, 4",0.012,0.7142857142857143,38.40245775729647
"1, 4","3, 5",0.012,0.6451612903225806,38.40245775729647
"3, 4","1, 5",0.012,0.7894736842105263,36.2143891839691
"1, 5","3, 4",0.012,0.5504587155963303,36.2143891839691
"1, 3, 4",5,0.012,0.9230769230769231,19.23076923076923
5,"1, 3, 4",0.012,0.25,19.23076923076923
"1, 3, 5",4,0.012,0.759493670886076,14.01279835583166
4,"1, 3, 5",0.012,0.22140221402214022,14.01279835583166
"1, 4, 5",3,0.012,0.9230769230769231,12.373685295937307
"17, 27",40,0.012,0.5042016806722689,10.084033613445378
40,"17, 27",0.012,0.24,10.084033613445378
"3, 4, 5",1,0.012,0.9523809523809523,7.631257631257632
"17, 40",27,0.012,0.8108108108108109,7.620402357244463
"4, 5","1, 3",0.012,0.40816326530612246,7.262691553489724
"1, 3","4, 5",0.012,0.21352313167259787,7.262691553489724
"27, 40",17,0.012,0.37037037037037035,6.13195977434388
"6, 17",27,0.012,0.45112781954887216,4.239923116060829
"50, 107",27,0.012,0.41379310344827586,3.88903292714545
"6, 27",17,0.012,0.21352313167259787,3.535151186632415
"27, 50",107,0.012,0.36363636363636365,3.1402103940964046
"17, 27",6,0.012,0.5042016806722689,2.541339116291678
"27, 107",50,0.012,0.2764976958525346,1.7678880808985586
"12, 14",13,0.0118,0.9516129032258065,20.333609043286465
13,"12, 14",0.0118,0.25213675213675213,20.333609043286465
"13, 14",12,0.0118,0.686046511627907,17.865794573643413
12,"13, 14",0.0118,0.3072916666666667,17.865794573643413
"12, 13",14,0.0118,0.5462962962962963,14.07980145093547
14,"12, 13",0.0118,0.30412371134020616,14.07980145093547
12,11,0.0118,0.3072916666666667,10.311800894854585
11,12,0.0118,0.3959731543624161,10.311800894854585
49,40,0.0118,0.28095238095238095,5.6190476190476195
40,49,0.0118,0.236,5.6190476190476195
"6, 10",27,0.0118,0.42142857142857143,3.9607948442534906
"6, 27",10,0.0118,0.2099644128113879,3.2006770245638396
"10, 27",6,0.0118,0.5841584158415841,2.944346854040243
118,6,0.0118,0.23694779116465864,1.194293302241223
"3, 4",2,0.0116,0.7631578947368421,10.902255639097744
"2, 4",3,0.0116,0.5420560747663551,7.266167222069104
"50, 168",96,0.0116,0.5420560747663551,5.729979648692971
"96, 168",50,0.0116,0.8169014084507042,5.223154785490435
"2, 3",4,0.0116,0.26605504587155965,4.908764683977115
4,"2, 3",0.0116,0.2140221402214022,4.908764683977115
"2, 50",6,0.0116,0.7837837837837838,3.95052310374891
"2, 6",50,0.0116,0.5631067961165048,3.6004270851438926
"50, 96",168,0.0116,0.2648401826484018,3.137916856023718
"27, 50",10,0.0114,0.34545454545454546,5.266075388026607
"10, 50",27,0.0114,0.4014084507042254,3.772635814889336
"10, 27",50,0.0114,0.5643564356435643,3.6084171076954243
"8, 27",6,0.0114,0.6195652173913043,3.1228085553997196
"6, 27",8,0.0114,0.20284697508896798,2.8409940488650975
"6, 8",27,0.0114,0.2766990291262136,2.6005547850208046
9,123,0.0112,0.3835616438356164,5.5912776069331835
"1, 8",50,0.0112,0.8484848484848485,5.425094939161435
"1, 50",8,0.0112,0.2994652406417112,4.194191045402118
"8, 50",1,0.0112,0.35668789808917195,2.85807610648375
"3, 4","1, 2",0.011,0.7236842105263158,14.302059496567505
"1, 2","3, 4",0.011,0.21739130434782608,14.302059496567505
"2, 3","1, 4",0.011,0.25229357798165136,13.564170859228568
"1, 4","2, 3",0.011,0.5913978494623656,13.564170859228568
"1, 3, 4",2,0.011,0.8461538461538461,12.087912087912088
"50, 168","6, 96",0.011,0.514018691588785,11.735586565953996
"6, 96","50, 168",0.011,0.2511415525114155,11.735586565953996
"1, 2, 4",3,0.011,0.873015873015873,11.70262564364441
"50, 96","6, 168",0.011,0.2511415525114155,10.12667550449256
"6, 168","50, 96",0.011,0.4435483870967742,10.12667550449256
"2, 4","1, 3",0.011,0.514018691588785,9.146240063857384
"96, 168","6, 50",0.011,0.7746478873239436,8.96583202921231
"6, 102",96,0.011,0.7236842105263158,7.649938800489595
"2, 3, 4",1,0.011,0.9482758620689655,7.598364279398762
"1, 96","6, 50",0.011,0.632183908045977,7.316943380161771
"6, 96","1, 50",0.011,0.2511415525114155,6.7150147730325
"1, 50","6, 96",0.011,0.29411764705882354,6.7150147730325
"6, 50, 168",96,0.011,0.632183908045977,6.682705159048382
"6, 96, 168",50,0.011,0.8461538461538461,5.410190832185716
"1, 6, 96",50,0.011,0.8333333333333334,5.328218243819267
"1, 2, 3",4,0.011,0.2864583333333333,5.28520910209102
4,"1, 2, 3",0.011,0.2029520295202952,5.28520910209102
"50, 96, 168",6,0.011,0.9482758620689655,4.779616240266963
"6, 96",102,0.011,0.2511415525114155,4.66805859686646
102,"6, 96",0.011,0.20446096654275092,4.66805859686646
"50, 96","1, 6",0.011,0.2511415525114155,4.549665806366223
"1, 6, 50",96,0.011,0.39285714285714285,4.15282392026578
"6, 50, 96",168,0.011,0.34810126582278483,4.124422580838683
115,117,0.011,0.270935960591133,4.09268822645216
"1, 50, 96",6,0.011,0.7971014492753623,4.017648433847592
"6, 50, 96",1,0.011,0.34810126582278483,2.7892729633235964
"50, 117",6,0.011,0.5445544554455446,2.744730118173108
"6, 117",50,0.011,0.39285714285714285,2.5118743149433684
"96, 102",6,0.011,0.41044776119402987,2.0687891189215213
128,126,0.0108,0.5142857142857142,25.45968882602546
126,128,0.0108,0.5346534653465347,25.45968882602546
"50, 96","6, 102",0.0108,0.2465753424657534,16.22206200432588
"6, 102","50, 96",0.0108,0.7105263157894737,16.22206200432588
"50, 102","6, 96",0.0108,0.574468085106383,13.115709705625182
"6, 96","50, 102",0.0108,0.2465753424657534,13.115709705625182
"6, 50, 102",96,0.0108,0.8709677419354839,9.20684716633704
"6, 50, 96",102,0.0108,0.34177215189873417,6.352642228601007
102,"6, 50, 96",0.0108,0.20074349442379183,6.352642228601007
"6, 96, 102",50,0.0108,0.9818181818181818,6.277609858172519
"96, 102","6, 50",0.0108,0.40298507462686567,4.664179104477612
"8, 96",50,0.0108,0.7105263157894737,4.543007134203797
"50, 96, 102",6,0.0108,0.8307692307692308,4.187344913151366
"8, 50",96,0.0108,0.34394904458598724,3.635824995623544
"50, 96",8,0.0108,0.2465753424657534,3.4534361689881434
40,107,0.0108,0.216,1.8652849740932644
"2, 5","1, 4",0.0106,0.5463917525773195,29.375900676199976
"1, 4","2, 5",0.0106,0.5698924731182796,29.375900676199976
"2, 4","1, 5",0.0106,0.4953271028037383,22.721426734116438
"1, 5","2, 4",0.0106,0.48623853211009177,22.721426734116438
113,111,0.0106,0.5955056179775281,20.534676481983727
111,113,0.0106,0.36551724137931035,20.534676481983727
158,157,0.0106,0.4608695652173913,17.863161442534548
157,158,0.0106,0.4108527131782946,17.863161442534548
"1, 2, 4",5,0.0106,0.8412698412698413,17.52645502645503
5,"1, 2, 4",0.0106,0.22083333333333333,17.52645502645503
"1, 2, 5",4,0.0106,0.726027397260274,13.395339432846384
"1, 4, 5",2,0.0106,0.8153846153846154,11.648351648351648
"4, 5","1, 2",0.0106,0.36054421768707484,7.12537979618725
"1, 2","4, 5",0.0106,0.20948616600790515,7.12537979618725
"2, 4, 5",1,0.0106,0.6973684210526315,5.587887989203779
124,50,0.0106,0.2345132743362832,1.499445488083652
73,6,0.0106,0.2849462365591398,1.43622095039889
"3, 4","2, 5",0.0104,0.6842105263157895,35.268583830710796
"2, 5","3, 4",0.0104,0.5360824742268041,35.268583830710796
"3, 5","2, 4",0.0104,0.6190476190476191,28.927458834000888
"2, 4","3, 5",0.0104,0.48598130841121495,28.927458834000888
"2, 3, 4",5,0.0104,0.896551724137931,18.67816091954023
5,"2, 3, 4",0.0104,0.21666666666666667,18.67816091954023
"2, 3, 5",4,0.0104,0.7761194029850746,14.319546180536431
"3, 4, 5",2,0.0104,0.8253968253968254,11.791383219954648
"2, 4, 5",3,0.0104,0.6842105263157895,9.171722872865809
"4, 5","2, 3",0.0104,0.35374149659863946,8.113337077950446
"2, 3","4, 5",0.0104,0.23853211009174313,8.113337077950446
"2, 50",1,0.0104,0.7027027027027027,5.63063063063063
"1, 50",2,0.0104,0.27807486631016043,3.9724980901451485
118,50,0.0104,0.20883534136546184,1.3352643309812138
"1, 2",50,0.0104,0.20553359683794467,1.314153432467677
171,11,0.0102,0.4322033898305085,14.503469457399614
11,171,0.0102,0.3422818791946309,14.503469457399614
"6, 168","1, 50",0.0102,0.4112903225806452,10.997067448680353
"1, 50","6, 168",0.0102,0.2727272727272727,10.997067448680353
"1, 168","6, 50",0.0102,0.7727272727272727,8.943602693602696
"50, 168","1, 6",0.0102,0.4766355140186916,8.634701340918326
"6, 148",123,0.0102,0.3695652173913043,5.387248066928636
"1, 6, 168",50,0.0102,0.8095238095238095,5.175983436853002
"1, 50, 168",6,0.0102,1.0,5.040322580645162
"1, 168",50,0.0102,0.7727272727272727,4.940711462450593
"6, 74",50,0.0102,0.7727272727272727,4.940711462450593
"50, 117",27,0.0102,0.504950495049505,4.745775329412641
"6, 50, 168",1,0.0102,0.5862068965517241,4.697170645446508
"27, 50",117,0.0102,0.3090909090909091,4.669046965119473
"123, 148",6,0.0102,0.864406779661017,4.3568890103881905
"1, 6, 50",168,0.0102,0.36428571428571427,4.316181448882871
"6, 123",148,0.0102,0.33774834437086093,4.297052727364643
"50, 168",1,0.0102,0.4766355140186916,3.819194823867721
"1, 50",168,0.0102,0.2727272727272727,3.231365790607497
"27, 117",50,0.0102,0.45132743362831856,2.8857252789534438
"50, 74",6,0.0102,0.4811320754716981,2.425060864272672
74,"6, 50",0.0102,0.20901639344262296,2.4191712204007287
"1, 2, 4","3, 5",0.01,0.7936507936507936,47.241118669690096
"3, 5","1, 2, 4",0.01,0.5952380952380952,47.241118669690096
"1, 2, 5","3, 4",0.01,0.684931506849315,45.06128334534968
"3, 4","1, 2, 5",0.01,0.6578947368421053,45.06128334534968
"2, 3, 5","1, 4",0.01,0.746268656716418,40.121970791205264
"1, 4","2, 3, 5",0.01,0.5376344086021505,40.121970791205264
"1, 3, 4","2, 5",0.01,0.7692307692307693,39.65107057890563
"2, 5","1, 3, 4",0.01,0.5154639175257731,39.65107057890563
"2, 3, 4","1, 5",0.01,0.8620689655172413,39.54444795950649
"1, 5","2, 3, 4",0.01,0.45871559633027525,39.54444795950649
"1, 3, 5","2, 4",0.01,0.6329113924050633,29.575298710516975
"2, 4","1, 3, 5",0.01,0.4672897196261682,29.575298710516975
"1, 2, 3, 4",5,0.01,0.9090909090909091,18.939393939393938
5,"1, 2, 3, 4",0.01,0.20833333333333334,18.939393939393938
"1, 4, 5","2, 3",0.01,0.7692307692307693,17.64290755116443
"2, 3","1, 4, 5",0.01,0.22935779816513763,17.64290755116443
"3, 4, 5","1, 2",0.01,0.7936507936507936,15.684798293493946
"1, 2, 3, 5",4,0.01,0.7692307692307693,14.192449616803861
"1, 2, 4, 5",3,0.01,0.9433962264150944,12.646062016288127
"1, 3, 4, 5",2,0.01,0.8333333333333334,11.904761904761905
"2, 4, 5","1, 3",0.01,0.6578947368421053,11.70631204345383
"1, 2, 3","4, 5",0.01,0.2604166666666667,8.857709750566894
"4, 5","1, 2, 3",0.01,0.3401360544217687,8.857709750566894
"2, 3, 4, 5",1,0.01,0.9615384615384616,7.704635108481263
134,131,0.01,0.24390243902439024,6.929046563192905
131,134,0.01,0.2840909090909091,6.929046563192905
116,117,0.01,0.33557046979865773,5.06904032928486
"10, 96",50,0.01,0.7692307692307693,4.918355301987015
"10, 50",96,0.01,0.352112676056338,3.7221213113777805
"50, 96",10,0.01,0.228310502283105,3.480343022608308
115,6,0.01,0.24630541871921183,1.2414587637057048
